{"cameraMode":{"drawMode":0,"name":"Shaded","section":"Shading Mode"},"sceneLighting":false,"audioPlay":false,"sceneViewState":{"m_AlwaysRefresh":false,"showFog":true,"showSkybox":false,"showFlares":true,"showImageEffects":true,"showParticleSystems":true,"showVisualEffectGraphs":true,"m_FxEnabled":true},"in2DMode":false,"pivot":{"x":-0.059188902378082278,"y":0.8825333118438721,"z":3.63900089263916},"rotation":{"x":-0.0015105422353371978,"y":-0.9953292012214661,"z":0.09584911912679672,"w":-0.016932858154177667},"size":0.8660253882408142,"orthographic":true}