{"cameraMode":{"drawMode":0,"name":"Shaded","section":"Shading Mode"},"sceneLighting":false,"audioPlay":false,"sceneViewState":{"m_AlwaysRefresh":false,"showFog":true,"showSkybox":false,"showFlares":true,"showImageEffects":true,"showParticleSystems":true,"showVisualEffectGraphs":true,"m_FxEnabled":true},"in2DMode":false,"pivot":{"x":-28.719953536987306,"y":5.643044471740723,"z":44.892215728759769},"rotation":{"x":0.07338563352823258,"y":0.9020746946334839,"z":-0.3902808725833893,"w":0.17005103826522828},"size":0.8660253882408142,"orthographic":true}